{"position":{"x":0.0,"y":0.0,"z":0.0},"eulerAngles":{"x":298.968262,"y":50.2532539,"z":102.821686},"localScale":{"x":1.0,"y":1.0,"z":1.0}}